{
    "accuracy": 0.8524590163934426,
    "precision": 0.8604306561128408,
    "recall": 0.8524590163934426,
    "f1-score": 0.8504217202928274
}